#Chr	Start	End	Gene	CDS_mutation_syntax	AA_mutation_syntax	Report	comment	Exon	Accession_number
NC_000003.11	178927980	178927980	PIK3CA	c.1258T	p.Cys420	hotspot	-	exon8	NM_006218
NC_000003.11	178927981	178927981	PIK3CA	c.1259G	p.Cys420	hotspot	-	exon8	NM_006218
NC_000003.11	178927982	178927982	PIK3CA	c.1260T	p.Cys420	hotspot	-	exon8	NM_006218
NC_000003.11	178936082	178936082	PIK3CA	c.1624G	p.Glu542	hotspot	-	exon10	NM_006218
NC_000003.11	178936083	178936083	PIK3CA	c.1625A	p.Glu542	hotspot	-	exon10	NM_006218
NC_000003.11	178936084	178936084	PIK3CA	c.1626A	p.Glu542	hotspot	-	exon10	NM_006218
NC_000003.11	178936091	178936091	PIK3CA	c.1633G	p.Glu545	hotspot	-	exon10	NM_006218
NC_000003.11	178936092	178936092	PIK3CA	c.1634A	p.Glu545	hotspot	-	exon10	NM_006218
NC_000003.11	178936093	178936093	PIK3CA	c.1635G	p.Glu545	hotspot	-	exon10	NM_006218
NC_000003.11	178936094	178936094	PIK3CA	c.1636C	p.Gln546	hotspot	-	exon10	NM_006218
NC_000003.11	178936095	178936095	PIK3CA	c.1637A	p.Gln546	hotspot	-	exon10	NM_006218
NC_000003.11	178936096	178936096	PIK3CA	c.1638G	p.Gln546	hotspot	-	exon10	NM_006218
NC_000003.11	178952006	178952006	PIK3CA	c.3061T	p.Tyr1021	hotspot	-	exon21	NM_006218
NC_000003.11	178952007	178952007	PIK3CA	c.3062A	p.Tyr1021	hotspot	-	exon21	NM_006218
NC_000003.11	178952008	178952008	PIK3CA	c.3063C	p.Tyr1021	hotspot	-	exon21	NM_006218
NC_000003.11	178952072	178952072	PIK3CA	c.3127A	p.Met1043	hotspot	-	exon21	NM_006218
NC_000003.11	178952073	178952073	PIK3CA	c.3128T	p.Met1043	hotspot	-	exon21	NM_006218
NC_000003.11	178952074	178952074	PIK3CA	c.3129G	p.Met1043	hotspot	-	exon21	NM_006218
NC_000003.11	178952075	178952075	PIK3CA	c.3130A	p.Asn1044	hotspot	-	exon21	NM_006218
NC_000003.11	178952076	178952076	PIK3CA	c.3131A	p.Asn1044	hotspot	-	exon21	NM_006218
NC_000003.11	178952077	178952077	PIK3CA	c.3132T	p.Asn1044	hotspot	-	exon21	NM_006218
NC_000003.11	178952084	178952084	PIK3CA	c.3139C	p.His1047	hotspot	-	exon21	NM_006218
NC_000003.11	178952085	178952085	PIK3CA	c.3140A	p.His1047	hotspot	-	exon21	NM_006218
NC_000003.11	178952086	178952086	PIK3CA	c.3141T	p.His1047	hotspot	-	exon21	NM_006218
